City_ID,City,Country,Date,Lat,Lng,Max Temp,Humidity,Cloudiness,Wind Speed
0,Cabo San Lucas,MX,2022-10-13 00:28:27,22.8909,-109.9124,87.51,57,0,6.91
1,Mar Del Plata,AR,2022-10-13 00:25:49,-38.0023,-57.5575,57.09,69,0,1.99
2,Ushuaia,AR,2022-10-13 00:28:27,-54.8,-68.3,33.46,93,75,26.46
3,Loandjili,CG,2022-10-13 00:28:28,-4.7561,11.8578,77.11,88,75,8.05
4,Longyearbyen,SJ,2022-10-13 00:28:28,78.2186,15.6401,35.44,69,40,9.22
5,Busselton,AU,2022-10-13 00:28:28,-33.65,115.3333,52.84,66,11,3.22
6,Ribeira Grande,PT,2022-10-13 00:28:29,38.5167,-28.7,72.77,78,14,8.01
7,Sawakin,SD,2022-10-13 00:28:29,19.1059,37.3321,81.57,75,1,6.4
8,Lebu,CL,2022-10-13 00:28:29,-37.6167,-73.65,49.24,83,35,14.79
9,Kaitangata,NZ,2022-10-13 00:28:30,-46.2817,169.8464,54.23,52,80,6.89
10,Mataura,NZ,2022-10-13 00:28:30,-46.1927,168.8643,55.2,45,84,2.77
11,Kalabo,ZM,2022-10-13 00:28:30,-14.97,22.6814,71.62,31,56,5.84
12,Cape Town,ZA,2022-10-13 00:24:23,-33.9258,18.4232,63.27,89,75,11.5
13,Saint-Francois,FR,2022-10-13 00:28:31,46.4154,3.9054,51.24,100,100,2.3
14,Pangoa,PE,2022-10-13 00:28:31,-12.1167,-73.0,68.76,98,17,3.18
15,Walvis Bay,NA,2022-10-13 00:28:31,-22.9575,14.5053,58.08,90,38,10.02
16,Arraial Do Cabo,BR,2022-10-13 00:28:32,-22.9661,-42.0278,70.03,94,77,7.18
17,Kapaa,US,2022-10-13 00:28:32,22.0752,-159.319,84.18,91,100,11.5
18,Atuona,PF,2022-10-13 00:28:33,-9.8,-139.0333,77.41,76,38,18.97
19,Esperance,AU,2022-10-13 00:28:33,-33.8667,121.9,55.35,63,100,16.08
20,Barabinsk,RU,2022-10-13 00:28:33,55.3571,78.357,35.58,83,6,3.09
21,Ancud,CL,2022-10-13 00:28:34,-41.8697,-73.8203,42.73,65,26,10.29
22,Luderitz,NA,2022-10-13 00:28:34,-26.6481,15.1594,63.18,75,94,12.17
23,Thompson,CA,2022-10-13 00:28:34,55.7435,-97.8558,35.76,93,100,18.41
24,Hailar,CN,2022-10-13 00:28:35,49.2,119.7,39.67,52,0,6.82
25,Albany,US,2022-10-13 00:25:53,42.6001,-73.9662,61.66,67,100,1.99
26,Hermanus,ZA,2022-10-13 00:28:35,-34.4187,19.2345,64.8,92,100,5.48
27,Bredasdorp,ZA,2022-10-13 00:28:36,-34.5322,20.0403,62.69,93,99,2.01
28,Saint-Philippe,RE,2022-10-13 00:28:36,-21.3585,55.7679,67.59,79,30,10.29
29,Cidreira,BR,2022-10-13 00:28:36,-30.1811,-50.2056,61.97,86,81,6.89
30,Vanavara,RU,2022-10-13 00:28:37,60.34,102.2797,32.47,93,100,6.69
31,Klaksvik,FO,2022-10-13 00:28:37,62.2266,-6.589,45.52,71,86,20.09
32,Punta Arenas,CL,2022-10-13 00:28:37,-53.15,-70.9167,35.71,87,40,29.93
33,Pangnirtung,CA,2022-10-13 00:28:38,66.1451,-65.7125,16.25,74,4,4.12
34,Kapit,MY,2022-10-13 00:28:38,2.0167,112.9333,73.8,99,99,0.58
35,Georgetown,MY,2022-10-13 00:28:05,5.4112,100.3354,80.24,91,20,2.3
36,Severo-Kurilsk,RU,2022-10-13 00:28:38,50.6789,156.125,43.97,77,94,34.92
37,Diffa,NE,2022-10-13 00:28:39,13.3154,12.6113,83.07,33,16,6.76
38,Havoysund,NO,2022-10-13 00:28:39,70.9963,24.6622,41.23,73,98,27.89
39,Ganlose,DK,2022-10-13 00:28:40,55.7912,12.2642,50.85,91,38,8.34
40,Nikolskoye,RU,2022-10-13 00:28:40,59.7035,30.7861,37.29,85,33,2.8
41,Rikitea,PF,2022-10-13 00:28:40,-23.1203,-134.9692,69.04,62,0,14.7
42,Gambela,ET,2022-10-13 00:28:41,8.25,34.5833,69.37,86,50,4.23
43,Butaritari,KI,2022-10-13 00:28:41,3.0707,172.7902,82.11,75,46,22.75
44,Nosy Varika,MG,2022-10-13 00:28:41,-20.5833,48.5333,65.77,86,27,3.49
45,Pitimbu,BR,2022-10-13 00:28:42,-7.4706,-34.8086,79.39,79,73,14.27
46,Ilulissat,GL,2022-10-13 00:29:42,69.2167,-51.1,28.42,69,100,6.91
47,Saskylakh,RU,2022-10-13 00:29:43,71.9167,114.0833,19.98,97,99,4.05
48,Pevek,RU,2022-10-13 00:29:43,69.7008,170.3133,18.88,83,88,10.47
49,Basoko,CD,2022-10-13 00:25:21,1.2391,23.616,70.74,95,91,0.63
50,Bambous Virieux,MU,2022-10-13 00:29:43,-20.3428,57.7575,70.21,77,7,12.91
51,Pacific Grove,US,2022-10-13 00:26:20,36.6177,-121.9166,68.38,84,75,8.05
52,Ixtapa,MX,2022-10-13 00:29:44,20.7,-105.2,85.23,70,75,6.91
53,Wanaka,NZ,2022-10-13 00:25:51,-44.7,169.15,57.11,49,61,5.99
54,Akyab,MM,2022-10-13 00:29:44,20.15,92.9,77.54,88,16,3.85
55,Arlit,NE,2022-10-13 00:29:45,18.7369,7.3853,86.52,14,0,7.2
56,Djambala,CG,2022-10-13 00:29:45,-2.5447,14.7533,68.34,93,99,1.36
57,Mahebourg,MU,2022-10-13 00:29:46,-20.4081,57.7,70.25,76,5,13.06
58,Hasaki,JP,2022-10-13 00:25:38,35.7333,140.8333,68.22,90,100,16.31
59,Naze,JP,2022-10-13 00:29:24,28.3667,129.4833,81.52,75,72,21.65
60,New Norfolk,AU,2022-10-13 00:29:46,-42.7826,147.0587,60.71,72,100,3.0
61,Port Lincoln,AU,2022-10-13 00:29:46,-34.7333,135.8667,58.06,71,33,20.04
62,Hobart,AU,2022-10-13 00:29:47,-42.8794,147.3294,61.05,85,100,18.41
63,Bilma,NE,2022-10-13 00:29:47,18.6853,12.9164,83.57,16,0,6.38
64,Saint-Pierre,RE,2022-10-13 00:29:47,-21.3393,55.4781,72.57,64,0,3.44
65,Flinders,AU,2022-10-13 00:29:48,-34.5833,150.8552,71.19,70,89,5.99
66,Camopi,GF,2022-10-13 00:29:48,3.1655,-52.3158,72.9,93,62,2.08
67,Tasiilaq,GL,2022-10-13 00:29:48,65.6145,-37.6368,32.16,94,100,5.64
68,Dingle,PH,2022-10-13 00:29:49,10.9995,122.6711,81.36,83,100,7.96
69,Ruteng,ID,2022-10-13 00:29:49,-8.6136,120.4721,69.64,74,32,2.57
70,Castro,BR,2022-10-13 00:29:50,-24.7911,-50.0119,59.92,98,79,3.02
71,Nanortalik,GL,2022-10-13 00:29:52,60.1432,-45.2371,29.16,62,11,17.52
72,Qaanaaq,GL,2022-10-13 00:29:52,77.484,-69.3632,6.03,64,13,8.32
73,Bluff,NZ,2022-10-13 00:29:53,-46.6,168.3333,49.8,56,99,4.23
74,San Policarpo,PH,2022-10-13 00:29:53,12.1791,125.5072,81.66,80,100,4.7
75,Vaini,TO,2022-10-13 00:29:53,-21.2,-175.2,77.16,88,40,6.91
76,Alofi,NU,2022-10-13 00:29:54,-19.0595,-169.9187,82.29,78,75,10.36
77,Zhigalovo,RU,2022-10-13 00:29:54,54.8097,105.1578,36.46,95,95,1.72
78,Hithadhoo,MV,2022-10-13 00:29:54,-0.6,73.0833,80.1,76,93,13.31
79,Tulun,RU,2022-10-13 00:29:55,54.5611,100.5792,36.91,98,100,3.04
80,High Rock,BS,2022-10-13 00:29:55,26.6208,-78.2833,80.62,76,95,9.71
81,Namibe,AO,2022-10-13 00:26:03,-15.1961,12.1522,69.28,85,79,5.93
82,Hami,CN,2022-10-13 00:29:55,42.8,93.45,47.37,57,1,7.29
83,Lasa,IT,2022-10-13 00:29:56,46.6166,10.7002,48.36,90,14,1.72
84,Celestun,MX,2022-10-13 00:29:56,20.8667,-90.4,81.0,83,95,8.52
85,Codrington,AU,2022-10-13 00:29:57,-38.2667,141.9667,52.41,94,100,5.23
86,Charters Towers,AU,2022-10-13 00:29:57,-20.1,146.2667,79.05,46,9,14.47
87,Lompoc,US,2022-10-13 00:29:57,34.6391,-120.4579,76.01,83,20,10.36
88,Avarua,CK,2022-10-13 00:29:58,-21.2078,-159.775,80.65,78,75,17.27
89,Ponta Do Sol,PT,2022-10-13 00:29:58,32.6667,-17.1,72.23,68,45,4.12
90,Saint George,US,2022-10-13 00:29:21,37.1041,-113.5841,88.25,14,0,4.61
91,Orange Cove,US,2022-10-13 00:29:58,36.6244,-119.3137,90.93,24,0,0.0
92,Deputatskiy,RU,2022-10-13 00:29:59,69.3,139.9,1.33,86,3,4.41
93,Tuktoyaktuk,CA,2022-10-13 00:30:59,69.4541,-133.0374,30.2,69,20,10.36
94,Mount Isa,AU,2022-10-13 00:31:00,-20.7333,139.5,96.57,26,44,19.57
95,Carnarvon,AU,2022-10-13 00:31:00,-24.8667,113.6333,67.95,29,0,19.93
96,Skelleftea,SE,2022-10-13 00:31:01,64.7507,20.9528,34.16,100,100,3.44
97,Karratha,AU,2022-10-13 00:31:01,-20.7377,116.8463,75.87,26,5,26.98
98,Vardo,NO,2022-10-13 00:31:02,70.3705,31.1107,39.18,81,75,18.41
99,Hilton Head Island,US,2022-10-13 00:31:02,32.2163,-80.7526,74.98,88,0,1.99
100,Prince Rupert,CA,2022-10-13 00:31:02,54.3161,-130.3201,55.49,85,0,4.61
101,Lebedinyy,RU,2022-10-13 00:31:03,58.5167,125.5167,31.91,90,98,8.66
102,Mitu,CO,2022-10-13 00:31:04,1.1983,-70.1733,75.49,84,88,0.98
103,Langenburg,DE,2022-10-13 00:31:04,49.2544,9.8458,47.91,100,20,5.75
104,Rosa Zarate,EC,2022-10-13 00:31:05,0.3333,-79.4667,71.33,87,100,4.5
105,Kupang,ID,2022-10-13 00:31:06,-10.1667,123.5833,84.74,61,23,5.59
106,Maiduguri,NG,2022-10-13 00:31:06,11.8464,13.1603,80.65,65,92,4.41
107,Souillac,MU,2022-10-13 00:31:07,-20.5167,57.5167,69.08,79,16,12.41
108,Port Hedland,AU,2022-10-13 00:31:07,-20.3167,118.5667,77.05,23,91,25.32
109,La Ronge,CA,2022-10-13 00:30:44,55.1001,-105.2842,34.05,55,75,27.63
110,Port Alfred,ZA,2022-10-13 00:31:08,-33.5906,26.891,67.17,93,100,5.01
111,Chadiza,ZM,2022-10-13 00:31:09,-14.0678,32.4392,63.27,36,1,3.15
112,Dikson,RU,2022-10-13 00:31:09,73.5069,80.5464,30.04,72,100,8.43
113,Edd,ER,2022-10-13 00:31:10,13.9297,41.6925,86.18,60,0,6.35
114,Jamestown,US,2022-10-13 00:31:10,42.097,-79.2353,67.59,42,100,11.5
115,Mackay,AU,2022-10-13 00:30:49,-21.15,149.2,79.68,60,28,13.0
116,Chokurdakh,RU,2022-10-13 00:31:11,70.6333,147.9167,7.25,85,33,4.54
117,Maumere,ID,2022-10-13 00:31:12,-8.6199,122.2111,83.98,66,29,7.81
118,Alakurtti,RU,2022-10-13 00:31:12,66.9672,30.3491,32.16,91,11,2.26
119,Larnaca,CY,2022-10-13 00:31:12,34.9167,33.6292,73.22,78,0,8.05
120,Belmonte,BR,2022-10-13 00:31:13,-15.8631,-38.8828,74.91,82,98,9.46
121,Sao Joao Da Barra,BR,2022-10-13 00:31:13,-21.6403,-41.0511,75.29,86,0,19.13
122,Ambilobe,MG,2022-10-13 00:31:14,-13.2,49.05,64.24,80,0,3.94
123,San Andres,CO,2022-10-13 00:31:15,12.5847,-81.7006,82.42,83,75,9.22
124,San Quintin,MX,2022-10-13 00:31:15,30.4833,-115.95,68.59,80,6,15.61
125,Medvezhyegorsk,RU,2022-10-13 00:31:16,62.9167,34.4667,40.91,78,93,5.75
126,La Serena,CL,2022-10-13 00:31:16,-29.9078,-71.2542,56.71,82,0,9.22
127,Coahuayana,MX,2022-10-13 00:31:17,18.7333,-103.6833,79.97,90,100,1.86
128,Waynesville,US,2022-10-13 00:31:18,35.4887,-82.9887,63.25,81,100,1.99
129,Bitung,ID,2022-10-13 00:31:18,1.4451,125.1824,86.85,72,100,8.46
130,Kamenka,RU,2022-10-13 00:31:18,51.3223,42.7678,38.8,80,6,7.27
131,Ouro Preto Do Oeste,BR,2022-10-13 00:28:28,-10.7481,-62.2158,72.84,94,97,5.77
132,Abeche,TD,2022-10-13 00:31:19,13.8292,20.8324,83.52,25,76,11.45
133,The Pas,CA,2022-10-13 00:31:20,53.8251,-101.2541,37.42,70,100,23.02
134,Kalmunai,LK,2022-10-13 00:31:20,7.4167,81.8167,77.59,87,75,7.52
135,Vao,NC,2022-10-13 00:31:21,-22.6667,167.4833,71.22,73,2,20.2
136,Guerrero Negro,MX,2022-10-13 00:31:21,27.9769,-114.0611,69.76,79,100,16.93
137,Vanimo,PG,2022-10-13 00:32:21,-2.6741,141.3028,76.08,95,100,3.69
138,Vestmannaeyjar,IS,2022-10-13 00:32:22,63.4427,-20.2734,42.93,76,32,8.63
139,College,US,2022-10-13 00:27:26,64.8569,-147.8028,29.21,81,75,8.05
140,Fortuna,US,2022-10-13 00:32:22,40.5982,-124.1573,60.91,85,20,12.66
141,Priiskovyy,RU,2022-10-13 00:32:23,51.9333,116.6333,43.2,53,56,6.4
142,Saldanha,ZA,2022-10-13 00:32:23,-33.0117,17.9442,59.05,93,99,14.07
143,Bac Lieu,VN,2022-10-13 00:32:23,9.285,105.7244,77.67,85,100,8.61
144,Albuquerque,US,2022-10-13 00:32:24,35.0845,-106.6511,76.71,22,0,9.22
145,Ulladulla,AU,2022-10-13 00:32:24,-35.35,150.4667,67.91,61,97,17.05
146,Geraldton,AU,2022-10-13 00:32:25,-28.7667,114.6,61.21,44,0,17.27
147,Stornoway,GB,2022-10-13 00:32:25,58.2093,-6.3865,48.92,92,75,9.22
148,Tiksi,RU,2022-10-13 00:32:25,71.6872,128.8694,20.93,86,100,7.38
149,Ola,RU,2022-10-13 00:32:26,59.5833,151.2833,30.15,90,100,3.96
150,Zheleznodorozhnyy,RU,2022-10-13 00:32:26,55.7503,38.0042,44.15,63,100,6.13
151,Yellowknife,CA,2022-10-13 00:30:57,62.456,-114.3525,34.32,55,20,13.8
152,Kijang,KR,2022-10-13 00:32:26,35.2442,129.2139,67.73,58,50,18.43
153,Itarema,BR,2022-10-13 00:32:27,-2.9248,-39.9167,78.93,81,14,17.27
154,Airai,TL,2022-10-13 00:32:27,-8.9266,125.4092,71.65,63,6,2.06
155,Snezhnogorsk,RU,2022-10-13 00:32:27,69.1933,33.2531,37.18,87,68,13.56
156,East London,ZA,2022-10-13 00:32:28,-33.0153,27.9116,69.13,88,100,16.11
157,Luganville,VU,2022-10-13 00:32:28,-15.5333,167.1667,83.61,71,7,5.66
158,Kavieng,PG,2022-10-13 00:32:28,-2.5744,150.7967,84.34,68,100,7.36
159,Waingapu,ID,2022-10-13 00:32:29,-9.6567,120.2641,84.33,57,0,2.19
160,Buala,SB,2022-10-13 00:32:29,-8.145,159.5921,83.84,68,100,4.83
161,Salinopolis,BR,2022-10-13 00:32:30,-0.6136,-47.3561,79.25,84,100,10.94
162,Lalmohan,BD,2022-10-13 00:32:30,22.3384,90.7419,80.11,82,15,1.99
163,Whithorn,JM,2022-10-13 00:32:31,18.2604,-78.0378,78.06,89,93,1.16
164,Aripuana,BR,2022-10-13 00:32:31,-9.1667,-60.6333,71.1,99,65,1.57
165,Raudeberg,NO,2022-10-13 00:32:31,61.9875,5.1352,47.95,1,100,13.71
166,Kununurra,AU,2022-10-13 00:30:55,-15.7667,128.7333,89.58,58,2,3.44
167,Puerto Ayora,EC,2022-10-13 00:32:32,-0.7393,-90.3518,67.55,86,12,4.0
168,Kankakee,US,2022-10-13 00:28:23,41.15,-87.8667,53.15,82,0,0.0
169,Pemangkat,ID,2022-10-13 00:32:32,1.1667,108.9667,81.09,79,95,6.98
170,Maha Sarakham,TH,2022-10-13 00:32:33,16.3333,103.6667,73.22,72,100,9.57
171,Adet,ET,2022-10-13 00:32:33,11.2644,37.4888,53.56,89,19,4.05
172,Iracoubo,GF,2022-10-13 00:32:33,5.4802,-53.2011,77.97,88,100,6.38
173,Hecun,CN,2022-10-13 00:32:34,36.5333,114.1111,60.21,35,100,0.58
174,General Pico,AR,2022-10-13 00:32:34,-35.6566,-63.7568,71.1,22,100,21.92
175,Bengkulu,ID,2022-10-13 00:32:34,-3.8004,102.2655,75.16,90,100,2.86
176,Sonoita,MX,2022-10-13 00:32:35,31.85,-112.8333,87.33,29,4,8.05
177,Tessalit,ML,2022-10-13 00:32:35,20.1986,1.0114,82.4,14,0,8.66
178,Narsaq,GL,2022-10-13 00:32:35,60.9167,-46.05,26.82,70,0,8.43
179,Tikamgarh,IN,2022-10-13 00:32:36,24.745,78.8333,70.59,81,0,1.95
180,Chuncheng,CN,2022-10-13 00:32:36,22.1731,111.7886,72.19,50,2,5.39
181,Broome,US,2022-10-13 00:32:36,42.2506,-75.833,61.7,72,20,10.36
182,Sangar,RU,2022-10-13 00:33:20,63.9242,127.4739,27.03,77,100,12.66
183,Tucupita,VE,2022-10-13 00:33:37,9.0622,-62.051,74.41,95,100,4.27
184,Sechura,PE,2022-10-13 00:33:37,-5.5569,-80.8222,63.21,80,5,16.44
185,Christchurch,NZ,2022-10-13 00:29:14,-43.5333,172.6333,56.41,50,100,9.22
186,Isangel,VU,2022-10-13 00:33:37,-19.55,169.2667,77.11,73,95,6.91
187,Kulhudhuffushi,MV,2022-10-13 00:33:38,6.6221,73.07,80.4,80,100,17.36
188,Arrecife,ES,2022-10-13 00:33:38,28.963,-13.5477,71.58,78,20,16.11
189,Norman Wells,CA,2022-10-13 00:33:38,65.282,-126.8329,28.44,86,75,3.44
190,Cap-Aux-Meules,CA,2022-10-13 00:33:39,47.3821,-61.8597,50.05,87,20,9.22
191,Verkhnyaya Inta,RU,2022-10-13 00:33:39,65.9811,60.3094,36.93,77,100,6.31
192,Nisia Floresta,BR,2022-10-13 00:33:39,-6.0911,-35.2086,77.81,84,7,10.94
193,Barrow,US,2022-10-13 00:33:40,71.2906,-156.7887,32.02,69,100,13.8
194,Young,UY,2022-10-13 00:33:40,-32.6833,-57.6333,60.33,55,0,13.6
195,Abbeyfeale,IE,2022-10-13 00:33:40,52.3814,-9.3025,49.39,92,12,3.22
196,Takoradi,GH,2022-10-13 00:33:41,4.8845,-1.7554,76.15,89,100,7.02
197,Berlevag,NO,2022-10-13 00:33:41,70.8578,29.0864,42.8,81,75,16.11
198,Bilibino,RU,2022-10-13 00:33:41,68.0546,166.4372,9.05,86,100,1.7
199,Pasvalys,LT,2022-10-13 00:33:42,56.0594,24.4036,39.56,92,54,4.56
200,Victoria,HK,2022-10-13 00:30:33,22.2855,114.1577,79.25,56,2,18.01
201,Kahta,TR,2022-10-13 00:33:42,37.7855,38.6237,69.17,27,100,2.04
202,Quatre Cocos,MU,2022-10-13 00:33:43,-20.2078,57.7625,70.09,77,28,13.47
203,Hilo,US,2022-10-13 00:33:43,19.7297,-155.09,90.28,70,20,8.05
204,Medina Del Campo,ES,2022-10-13 00:33:43,41.3124,-4.9141,52.72,66,33,3.11
205,San Patricio,US,2022-10-13 00:33:44,28.017,-97.5169,86.54,71,11,4.88
206,Pontes E Lacerda,BR,2022-10-13 00:28:51,-15.2261,-59.3353,71.46,92,94,4.7
207,Chuy,UY,2022-10-13 00:33:44,-33.6971,-53.4616,56.3,72,0,8.55
208,Omboue,GA,2022-10-13 00:33:45,-1.5746,9.2618,76.03,90,100,5.55
209,Sturgis,US,2022-10-13 00:30:49,41.7992,-85.4192,55.65,93,100,6.91
210,Mayo,US,2022-10-13 00:33:45,38.8876,-76.5119,66.25,83,0,10.36
211,Puerto Carreno,CO,2022-10-13 00:33:45,6.189,-67.4859,77.97,84,100,3.91
212,Beni Mazar,EG,2022-10-13 00:33:46,28.4962,30.8029,69.22,70,1,13.02
213,Ostrovnoy,RU,2022-10-13 00:33:46,68.0531,39.5131,37.13,90,9,13.04
214,Khatanga,RU,2022-10-13 00:33:46,71.9667,102.5,25.29,97,97,6.2
215,Necochea,AR,2022-10-13 00:33:47,-38.5473,-58.7368,51.24,68,83,4.21
216,Katsuura,JP,2022-10-13 00:33:47,35.1333,140.3,66.15,94,100,18.37
217,Khandyga,RU,2022-10-13 00:33:47,62.6667,135.6,22.28,85,61,2.95
218,The Valley,AI,2022-10-13 00:29:39,18.217,-63.0578,82.81,72,1,14.5
219,Chimore,BO,2022-10-13 00:33:48,-16.9833,-65.1333,66.27,86,99,1.66
220,Todos Santos,MX,2022-10-13 00:33:48,23.45,-110.2167,80.44,77,71,8.34
221,Mayya,RU,2022-10-13 00:33:48,61.7333,130.2811,27.72,90,100,6.17
222,Bethel,US,2022-10-13 00:30:30,41.3712,-73.414,61.65,79,0,9.22
223,Grand-Santi,GF,2022-10-13 00:33:49,4.25,-54.3833,73.35,97,70,3.51
224,Saint-Joseph,RE,2022-10-13 00:33:49,-21.3667,55.6167,71.47,77,10,9.71
225,Salalah,OM,2022-10-13 00:33:49,17.0151,54.0924,77.09,73,40,3.44
226,Boguchany,RU,2022-10-13 00:33:50,58.3814,97.4531,35.28,98,100,5.77
227,Upernavik,GL,2022-10-13 00:33:51,72.7868,-56.1549,13.39,77,1,5.64
228,Inirida,CO,2022-10-13 00:34:29,3.8653,-67.9239,74.14,95,81,2.01
229,Jaynagar-Majilpur,IN,2022-10-13 00:34:51,22.1758,88.4178,78.04,91,100,3.42
230,Tongzi,CN,2022-10-13 00:34:51,28.7829,105.0877,59.59,83,100,1.66
231,Cherdyn,RU,2022-10-13 00:34:52,60.403,56.4787,44.4,87,100,5.12
232,Novikovo,RU,2022-10-13 00:34:52,51.1537,37.8879,41.65,91,11,6.2
233,Rockhampton,AU,2022-10-13 00:31:51,-23.3833,150.5,73.29,53,75,9.22
234,Touros,BR,2022-10-13 00:34:11,-5.1989,-35.4608,77.23,81,7,15.43
235,Ramotswa,BW,2022-10-13 00:34:52,-24.8716,25.8699,69.42,26,100,3.42
236,Ahipara,NZ,2022-10-13 00:34:53,-35.1667,173.1667,62.69,63,72,5.1
237,Ridgecrest,US,2022-10-13 00:34:53,35.6225,-117.6709,91.26,16,20,8.05
238,Kutum,SD,2022-10-13 00:34:53,14.2,24.6667,75.49,25,5,12.08
239,Talara,PE,2022-10-13 00:34:54,-4.5772,-81.2719,65.16,72,0,11.5
240,Bubaque,GW,2022-10-13 00:34:54,11.2833,-15.8333,80.65,80,100,14.61
241,Te Anau,NZ,2022-10-13 00:34:54,-45.4167,167.7167,55.54,47,4,2.62
242,Dumka,IN,2022-10-13 00:34:55,24.2667,87.25,74.89,93,94,1.28
243,Ordu,TR,2022-10-13 00:34:55,40.9086,37.6845,52.3,91,100,3.09
244,Manakara,MG,2022-10-13 00:34:55,-22.1333,48.0167,67.19,85,83,3.74
245,Vangaindrano,MG,2022-10-13 00:34:55,-23.35,47.6,68.9,87,88,5.68
246,Miraflores,MX,2022-10-13 00:34:56,19.2167,-98.8083,73.02,73,82,4.54
247,Novomyrhorod,UA,2022-10-13 00:34:56,48.7811,31.642,44.42,79,100,5.19
248,Moron,AR,2022-10-13 00:34:56,-34.6534,-58.6198,76.75,23,93,4.85
249,Talnakh,RU,2022-10-13 00:34:57,69.4865,88.3972,31.21,86,95,6.8
250,Barsovo,RU,2022-10-13 00:34:57,61.1667,73.1667,28.53,91,12,4.99
251,Kahului,US,2022-10-13 00:32:45,20.8947,-156.47,89.62,67,40,10.0
252,Atar,MR,2022-10-13 00:34:58,20.5169,-13.0499,85.39,32,7,11.14
253,Kangaatsiaq,GL,2022-10-13 00:34:58,68.3065,-53.4641,32.11,76,99,20.45
254,Shediac,CA,2022-10-13 00:30:45,46.2198,-64.5411,50.52,81,75,6.91
255,Kindu,CD,2022-10-13 00:34:58,-2.95,25.95,67.82,96,100,1.54
256,Hamilton,US,2022-10-13 00:33:33,39.1834,-84.5333,71.22,81,100,5.75
257,Provideniya,RU,2022-10-13 00:34:59,64.3833,-173.3,32.36,64,0,4.47
258,Iqaluit,CA,2022-10-13 00:34:59,63.7506,-68.5145,22.73,86,75,4.61
259,Kiama,AU,2022-10-13 00:34:59,-34.6833,150.8667,71.38,72,98,10.0
260,Amarante Do Maranhao,BR,2022-10-13 00:35:00,-5.5667,-46.7422,79.29,34,6,3.0
261,Prado,BR,2022-10-13 00:35:00,-17.3411,-39.2208,75.13,74,22,8.88
262,Komsomolskiy,UZ,2022-10-13 00:35:00,40.4272,71.7189,52.52,40,0,6.91
263,Buchanan,LR,2022-10-13 00:35:01,5.8808,-10.0467,76.5,88,95,6.53
264,Troitskoye,RU,2022-10-13 00:35:01,52.9821,84.6757,36.16,91,2,4.79
265,Kruisfontein,ZA,2022-10-13 00:35:01,-34.0033,24.7314,62.89,97,100,4.85
266,Birjand,IR,2022-10-13 00:35:02,32.8663,59.2211,55.87,19,0,11.5
267,Sarankhola,BD,2022-10-13 00:35:02,22.3082,89.7897,76.82,94,29,0.94
268,Mananjary,MG,2022-10-13 00:35:03,-21.2167,48.3333,66.92,86,98,3.38
269,Qui Nhon,VN,2022-10-13 00:34:19,13.7667,109.2333,74.77,91,100,12.01
270,Zolochiv,UA,2022-10-13 00:35:03,49.806,24.8944,41.74,85,0,2.77
271,Banda Aceh,ID,2022-10-13 00:35:04,5.5577,95.3222,80.19,75,67,6.13
272,Jacareacanga,BR,2022-10-13 00:35:04,-6.2222,-57.7528,73.83,93,100,2.48
273,Tadine,NC,2022-10-13 00:35:05,-21.55,167.8833,74.86,67,76,14.76
274,Champoton,MX,2022-10-13 00:35:05,19.35,-90.7167,79.56,91,63,5.46
275,Hammerfest,NO,2022-10-13 00:35:05,70.6634,23.6821,41.45,75,40,20.71
276,Cayenne,GF,2022-10-13 00:36:06,4.9333,-52.3333,77.04,94,75,4.61
277,Pleasanton,US,2022-10-13 00:36:06,37.6624,-121.8747,79.12,63,0,11.5
278,Kieta,PG,2022-10-13 00:36:07,-6.2167,155.6333,85.17,64,100,4.83
279,Methoni,GR,2022-10-13 00:36:07,36.8197,21.7049,66.22,76,6,4.23
280,Coquimbo,CL,2022-10-13 00:36:08,-29.9533,-71.3436,56.93,82,0,9.22
281,Tuy Hoa,VN,2022-10-13 00:36:08,13.0833,109.3,75.83,91,99,10.49
282,Opole Lubelskie,PL,2022-10-13 00:36:09,51.1478,21.969,43.36,76,0,3.69
283,Sitka,US,2022-10-13 00:36:09,57.0531,-135.33,57.09,88,100,17.27
284,Kloulklubed,PW,2022-10-13 00:36:10,7.0419,134.2556,82.9,79,100,19.26
285,Beloha,MG,2022-10-13 00:36:10,-25.1667,45.05,67.41,84,0,3.38
286,Kaeo,NZ,2022-10-13 00:36:10,-35.1,173.7833,61.83,63,100,8.19
287,Acarau,BR,2022-10-13 00:32:17,-2.8856,-40.12,79.18,81,16,18.61
288,Luanda,AO,2022-10-13 00:36:11,-8.8368,13.2343,75.2,83,75,5.75
289,Mogadishu,SO,2022-10-13 00:36:12,2.0371,45.3438,76.73,86,5,15.95
290,Goure,NE,2022-10-13 00:36:12,13.9835,10.2704,84.47,24,43,7.34
291,Ciudad Bolivar,VE,2022-10-13 00:36:12,8.1222,-63.5497,78.85,80,100,10.04
292,Rawatsar,IN,2022-10-13 00:36:13,29.2833,74.3833,74.73,52,0,3.53
293,Kavaratti,IN,2022-10-13 00:36:14,10.5669,72.642,81.1,74,100,7.72
294,Tabuk,PH,2022-10-13 00:36:15,17.4189,121.4443,77.92,86,99,2.95
295,Petropavlovsk-Kamchatskiy,RU,2022-10-13 00:36:15,53.0452,158.6483,54.19,50,40,15.66
296,Skierniewice,PL,2022-10-13 00:36:16,51.9548,20.1584,41.68,76,0,6.22
297,Toowoomba,AU,2022-10-13 00:36:16,-27.55,151.9667,65.25,72,4,10.0
298,Batagay-Alyta,RU,2022-10-13 00:36:17,67.8006,130.4114,10.98,71,99,1.32
299,Vetluzhskiy,RU,2022-10-13 00:36:17,58.3902,45.4654,39.04,87,96,3.98
300,Port Macquarie,AU,2022-10-13 00:36:18,-31.4333,152.9167,69.89,59,72,8.43
301,Aljezur,PT,2022-10-13 00:36:18,37.3191,-8.8033,65.98,72,0,7.52
302,Carmo Do Paranaiba,BR,2022-10-13 00:36:19,-19.0008,-46.3161,67.75,56,0,5.14
303,Port Elizabeth,ZA,2022-10-13 00:36:19,-33.918,25.5701,66.49,97,40,6.91
304,Mizdah,LY,2022-10-13 00:36:19,31.4451,12.9801,69.42,58,1,4.79
305,Lazaro Cardenas,MX,2022-10-13 00:36:20,17.9583,-102.2,81.27,82,100,2.26
306,Kuala Sungai Baru,MY,2022-10-13 00:36:20,2.3594,102.0353,77.04,80,83,6.22
307,Henties Bay,NA,2022-10-13 00:36:20,-22.116,14.2845,58.21,90,66,7.05
308,Meteti,PA,2022-10-13 00:36:21,8.4983,-77.9786,70.79,98,100,0.78
309,Sisimiut,GL,2022-10-13 00:36:21,66.9395,-53.6735,26.1,85,92,11.03
310,Salon-De-Provence,FR,2022-10-13 00:36:22,43.6407,5.0954,58.28,95,0,3.44
311,Sabha,LY,2022-10-13 00:36:22,27.0377,14.4283,73.85,26,0,10.07
312,Izhmorskiy,RU,2022-10-13 00:36:22,56.194,86.6414,36.1,81,100,8.01
313,Taunsa,PK,2022-10-13 00:36:23,30.7048,70.6505,71.4,33,0,1.81
314,Grand Forks,US,2022-10-13 00:34:55,47.9417,-97.4337,44.33,49,100,17.27
315,Faya,SA,2022-10-13 00:36:23,18.3851,42.4509,57.72,24,23,4.79
316,Lahij,YE,2022-10-13 00:36:24,13.1667,44.5833,78.17,55,2,3.49
317,Kailua,US,2022-10-13 00:35:49,21.4022,-157.7394,84.9,79,100,1.01
318,Vallenar,CL,2022-10-13 00:36:24,-28.5708,-70.7581,62.92,57,0,4.21
319,Imeni Zhelyabova,RU,2022-10-13 00:36:24,58.9544,36.5956,36.99,96,7,4.74
320,Nome,US,2022-10-13 00:36:49,64.5011,-165.4064,35.67,69,100,5.75
321,Zhigansk,RU,2022-10-13 00:37:25,66.7697,123.3711,27.59,95,100,14.41
322,Rocafuerte,EC,2022-10-13 00:37:25,-0.9167,-80.4333,69.67,75,79,4.45
323,Erenhot,CN,2022-10-13 00:37:26,43.6475,111.9767,47.7,30,0,5.41
324,Penzance,GB,2022-10-13 00:37:26,50.1186,-5.5371,56.08,85,100,8.34
325,Nouakchott,MR,2022-10-13 00:35:01,18.0858,-15.9785,89.53,50,4,7.99
326,Oyabe,JP,2022-10-13 00:36:48,36.676,136.8672,69.49,52,48,9.89
327,Nieuw Nickerie,SR,2022-10-13 00:37:27,5.95,-56.9833,80.22,82,97,10.29
328,Belfast,GB,2022-10-13 00:37:27,54.5833,-5.9333,46.38,92,52,4.61
329,Bambanglipuro,ID,2022-10-13 00:37:27,-7.95,110.2833,80.08,78,73,10.85
330,Batemans Bay,AU,2022-10-13 00:37:28,-35.7167,150.1833,63.1,59,100,14.47
331,Rawson,AR,2022-10-13 00:37:28,-43.3002,-65.1023,48.78,40,1,14.47
332,Meulaboh,ID,2022-10-13 00:37:28,4.1363,96.1285,78.1,84,100,3.22
333,Novoanninskiy,RU,2022-10-13 00:37:29,50.5287,42.6747,40.55,85,10,7.25
334,Peniche,PT,2022-10-13 00:37:29,39.3558,-9.3811,63.1,93,99,13.29
335,Tura,IN,2022-10-13 00:37:29,25.5198,90.2201,70.9,98,100,1.9
336,Sioux Lookout,CA,2022-10-13 00:37:30,50.1001,-91.917,39.27,87,100,9.22
337,Pisco,PE,2022-10-13 00:37:30,-13.7,-76.2167,61.02,77,0,17.27
338,Fairbanks,US,2022-10-13 00:33:14,64.8378,-147.7164,29.08,82,100,8.05
339,Stephenville,US,2022-10-13 00:37:30,32.2207,-98.2023,80.74,39,0,5.75
340,Effium,NG,2022-10-13 00:37:31,6.6292,8.0593,72.05,95,100,4.99
341,Russell,US,2022-10-13 00:37:31,32.3502,-85.1999,65.48,99,100,7.02
342,Hualmay,PE,2022-10-13 00:37:31,-11.0964,-77.6139,61.63,82,0,11.48
343,Hobyo,SO,2022-10-13 00:37:32,5.3505,48.5268,76.77,86,41,18.79
344,Turinsk,RU,2022-10-13 00:37:32,58.0458,63.696,43.12,68,100,5.7
345,Locri,IT,2022-10-13 00:37:32,38.2414,16.2623,67.32,88,4,1.83
346,Cacador,BR,2022-10-13 00:37:33,-26.7753,-51.015,59.07,98,100,2.91
347,Roald,NO,2022-10-13 00:37:33,62.5833,6.1333,56.32,93,75,11.5
348,Bokoro,TD,2022-10-13 00:37:33,12.3807,17.0568,81.12,65,7,5.66
349,Ulaanbaatar,MN,2022-10-13 00:37:34,47.9077,106.8832,19.53,79,0,0.0
350,Nehe,CN,2022-10-13 00:37:34,48.4833,124.8333,51.66,34,89,5.28
351,Owando,CG,2022-10-13 00:37:34,-0.4819,15.8999,70.2,97,100,0.94
352,Bunia,CD,2022-10-13 00:37:35,1.5667,30.25,62.19,85,100,2.06
353,Taltal,CL,2022-10-13 00:37:35,-25.4,-70.4833,57.02,83,75,3.51
354,Siirt,TR,2022-10-13 00:37:35,37.9326,41.9403,62.6,29,98,1.83
355,Gladstone,AU,2022-10-13 00:37:36,-23.85,151.25,76.93,44,47,18.41
356,Yarim,YE,2022-10-13 00:37:36,14.298,44.3779,53.02,41,2,4.56
357,Teloloapan,MX,2022-10-13 00:37:36,18.35,-99.85,64.27,94,63,2.53
358,San Juan,AR,2022-10-13 00:37:37,-31.5375,-68.5364,73.87,12,99,6.62
359,Sassandra,CI,2022-10-13 00:37:37,4.95,-6.0833,74.88,89,43,4.74
360,Bullhead City,US,2022-10-13 00:34:43,35.1478,-114.5683,97.09,18,1,1.74
361,Itoman,JP,2022-10-13 00:37:37,26.1247,127.6694,82.78,77,75,17.27
362,Kadhan,PK,2022-10-13 00:37:38,24.481,68.9859,75.74,40,0,5.91
363,Saint-Denis,FR,2022-10-13 00:37:38,48.9167,2.3333,59.14,79,0,4.61
364,Lakhipur,IN,2022-10-13 00:37:38,26.0299,90.3041,74.57,95,100,3.53
365,Alberobello,IT,2022-10-13 00:37:39,40.7859,17.2372,60.03,83,100,0.89
366,Mucurapo,TT,2022-10-13 00:37:39,10.6667,-61.5333,78.85,93,94,8.52
367,Sterling,US,2022-10-13 00:38:39,39.0062,-77.4286,66.88,70,75,9.22
368,Erzin,TR,2022-10-13 00:38:40,36.9559,36.2,67.82,79,99,2.13
369,Acapulco,MX,2022-10-13 00:38:06,16.8634,-99.8901,82.22,78,75,8.05
370,Berdigestyakh,RU,2022-10-13 00:38:40,62.0989,126.6992,31.96,95,100,3.49
371,Orlik,RU,2022-10-13 00:38:40,52.5178,99.825,31.87,87,68,5.14
372,Sakakah,SA,2022-10-13 00:34:29,29.9697,40.2064,72.97,30,6,3.56
373,Yilan,TW,2022-10-13 00:38:41,24.757,121.753,75.36,99,100,1.79
374,Nizhniy Tsasuchey,RU,2022-10-13 00:38:41,50.5167,115.1333,45.54,42,4,4.88
375,Camacha,PT,2022-10-13 00:38:42,33.0833,-16.3333,67.42,78,40,12.66
376,Bandarbeyla,SO,2022-10-13 00:38:42,9.4942,50.8122,76.03,86,38,9.78
377,Cap Malheureux,MU,2022-10-13 00:38:42,-19.9842,57.6142,70.47,67,7,4.0
378,Campbell River,CA,2022-10-13 00:38:43,50.0163,-125.2446,66.58,48,20,2.3
379,Leningradskiy,RU,2022-10-13 00:38:43,69.3833,178.4167,18.79,75,72,6.64
380,Lata,PT,2022-10-13 00:38:43,40.1629,-8.3327,62.08,92,38,1.68
381,Lardos,GR,2022-10-13 00:38:44,36.0942,28.0157,68.95,74,0,12.33
382,Bull Savanna,JM,2022-10-13 00:38:44,17.8868,-77.5902,77.41,83,98,6.29
383,Tutoia,BR,2022-10-13 00:38:44,-2.7619,-42.2744,80.06,79,10,12.62
384,Pafos,CY,2022-10-13 00:38:45,34.7667,32.4167,65.98,77,20,8.05
385,Mehamn,NO,2022-10-13 00:38:45,71.0357,27.8492,42.75,75,75,19.57
386,Ketchikan,US,2022-10-13 00:38:45,55.3422,-131.6461,55.87,82,100,5.75
387,Safranbolu,TR,2022-10-13 00:38:45,41.2508,32.6942,51.85,91,64,0.45
388,Kaduy,RU,2022-10-13 00:38:46,59.2,37.15,36.88,96,7,4.34
389,Turukhansk,RU,2022-10-13 00:38:46,65.8167,87.9833,33.13,83,100,8.97
390,Buenos Aires,AR,2022-10-13 00:34:36,-34.6132,-58.3772,76.73,21,72,6.91
391,Sibolga,ID,2022-10-13 00:38:46,1.7427,98.7792,79.7,73,100,1.34
392,Bathsheba,BB,2022-10-13 00:38:47,13.2167,-59.5167,81.21,83,40,10.36
393,Sumenep,ID,2022-10-13 00:38:47,-7.0167,113.8667,83.52,69,81,3.02
394,Luebo,CD,2022-10-13 00:38:48,-5.35,21.4167,68.85,95,68,1.86
395,Ust-Ilimsk,RU,2022-10-13 00:38:48,58.0006,102.6619,34.48,91,100,5.46
396,Tuatapere,NZ,2022-10-13 00:38:48,-46.1333,167.6833,53.78,54,12,5.73
397,Darhan,MN,2022-10-13 00:38:28,49.4867,105.9228,39.92,58,11,8.28
398,Morgan City,US,2022-10-13 00:38:49,29.6994,-91.2068,78.8,89,40,5.99
399,Korla,CN,2022-10-13 00:38:49,41.7597,86.1469,47.53,50,0,3.96
400,Le Port,RE,2022-10-13 00:38:49,-20.9373,55.2919,72.9,83,0,5.28
401,Minggang,CN,2022-10-13 00:38:50,32.4586,114.0486,60.66,61,15,8.5
402,Oksfjord,NO,2022-10-13 00:38:50,70.2396,22.3479,42.98,97,98,6.96
403,Grindavik,IS,2022-10-13 00:38:50,63.8424,-22.4338,37.87,87,75,8.05
404,Poum,NC,2022-10-13 00:38:51,-20.2333,164.0167,76.12,72,1,18.79
405,Petropavl,KZ,2022-10-13 00:38:51,54.8753,69.1628,45.43,83,100,9.22
406,Santiago De Chuco,PE,2022-10-13 00:38:51,-8.15,-78.1833,53.15,75,47,1.77
407,Boende,CD,2022-10-13 00:38:51,-0.2167,20.8667,69.87,96,100,0.65
408,Nador,MA,2022-10-13 00:38:52,35.174,-2.9287,71.85,83,75,8.05
409,Namatanai,PG,2022-10-13 00:38:52,-3.6667,152.4333,84.78,64,73,3.76
410,Aklavik,CA,2022-10-13 00:38:52,68.2191,-135.0107,23.0,89,100,2.95
411,Okato,NZ,2022-10-13 00:38:53,-39.2,173.8833,58.68,95,100,4.72
412,Kostino,RU,2022-10-13 00:38:53,58.9097,53.2691,44.13,84,100,3.33
413,Bhuj,IN,2022-10-13 00:38:53,23.2667,69.6667,80.67,48,8,4.61
414,Katherine,AU,2022-10-13 00:38:54,-14.4667,132.2667,88.12,55,9,11.5
415,Hanna,CA,2022-10-13 00:38:54,51.6334,-111.9018,48.85,46,0,5.99
416,Vila Velha,BR,2022-10-13 00:39:54,-20.3297,-40.2925,75.15,83,0,13.8
417,Montego Bay,JM,2022-10-13 00:39:55,18.4712,-77.9188,80.4,83,20,4.61
418,Campoverde,PE,2022-10-13 00:39:55,-8.4753,-74.8058,87.49,50,99,2.73
419,Sortavala,RU,2022-10-13 00:39:55,61.7053,30.6918,39.07,90,5,5.59
420,Hispania,CO,2022-10-13 00:39:56,5.7993,-75.9072,69.21,98,100,3.04
421,Sokolo,ML,2022-10-13 00:39:56,14.7328,-6.1219,85.28,46,63,6.53
422,Juneau,US,2022-10-13 00:37:37,58.3019,-134.4197,52.21,94,100,21.85
423,Phek,IN,2022-10-13 00:39:56,25.6667,94.5,57.27,99,64,1.07
424,Fengzhen,CN,2022-10-13 00:39:57,40.4394,113.1536,50.77,28,38,3.09
425,Verkhoyansk,RU,2022-10-13 00:39:57,67.5447,133.385,6.03,90,85,2.04
426,Puerto El Triunfo,SV,2022-10-13 00:39:57,13.2833,-88.55,78.49,90,100,6.42
427,Urubicha,BO,2022-10-13 00:39:58,-15.3833,-62.95,68.45,98,34,2.3
428,Noumea,NC,2022-10-13 00:38:18,-22.2763,166.4572,78.78,67,84,13.29
429,Flin Flon,CA,2022-10-13 00:39:58,54.7682,-101.865,33.82,70,100,18.79
430,Yashkul,RU,2022-10-13 00:39:58,46.1711,45.3435,50.13,75,15,8.05
431,Mitsamiouli,KM,2022-10-13 00:39:59,-11.3847,43.2844,74.37,74,0,3.89
432,Oktyabrskiy,RU,2022-10-13 00:39:59,54.4815,53.471,49.19,77,100,6.4
433,Aranjuez,ES,2022-10-13 00:39:59,40.0311,-3.6025,67.24,57,0,1.77
434,Kilindoni,TZ,2022-10-13 00:40:00,-7.9139,39.6668,75.33,70,1,13.56
435,Tallahassee,US,2022-10-13 00:36:09,30.4383,-84.2807,78.64,86,100,4.61
436,Omsk,RU,2022-10-13 00:36:24,55.0,73.4,31.89,80,8,4.47
437,Torbay,CA,2022-10-13 00:40:00,47.6666,-52.7314,48.49,85,0,9.22
438,Timizart,DZ,2022-10-13 00:40:00,36.8,4.2667,64.18,91,100,2.55
439,Hvolsvollur,IS,2022-10-13 00:40:01,63.7533,-20.2243,37.35,95,100,2.8
440,Kodiak,US,2022-10-13 00:40:01,57.79,-152.4072,44.11,49,0,19.57
441,Khash,IR,2022-10-13 00:40:02,28.2211,61.2158,59.34,19,0,2.98
442,Yar-Sale,RU,2022-10-13 00:40:04,66.8333,70.8333,37.2,84,100,7.78
443,Brunswick,US,2022-10-13 00:40:05,41.2381,-81.8418,68.32,79,100,5.01
444,Durango,MX,2022-10-13 00:39:20,24.8333,-104.8333,64.58,47,19,4.59
445,Merritt Island,US,2022-10-13 00:40:05,28.5392,-80.672,82.49,82,40,5.75
446,Roebourne,AU,2022-10-13 00:40:06,-20.7833,117.1333,75.67,27,18,27.04
447,Xiongzhou,CN,2022-10-13 00:40:06,25.1167,114.3,70.0,35,5,4.12
448,Treinta Y Tres,UY,2022-10-13 00:40:06,-33.2333,-54.3833,55.06,71,0,9.91
449,Bezhetsk,RU,2022-10-13 00:40:07,57.7851,36.6965,41.13,85,100,6.58
450,Atambua,ID,2022-10-13 00:40:08,-9.1061,124.8925,83.01,62,10,0.43
451,Tual,ID,2022-10-13 00:40:08,-5.6667,132.75,83.53,74,100,10.67
452,Torrington,US,2022-10-13 00:35:30,41.8007,-73.1212,59.56,75,100,6.04
453,Sumbe,AO,2022-10-13 00:40:09,-11.2061,13.8437,73.92,85,43,5.12
454,Thunder Bay,CA,2022-10-13 00:38:07,48.4001,-89.3168,42.78,93,100,4.61
455,Kitimat,CA,2022-10-13 00:40:09,54.0524,-128.6534,60.91,54,40,0.49
456,Pierre,US,2022-10-13 00:37:50,44.3683,-100.351,58.12,31,20,27.63
457,Tomatlan,MX,2022-10-13 00:40:10,19.9333,-105.25,76.21,83,100,1.59
458,Kisangani,CD,2022-10-13 00:40:10,0.5167,25.2,68.59,97,86,2.21
459,Shelburne,CA,2022-10-13 00:40:11,44.0787,-80.2041,61.75,74,100,16.2
460,Teahupoo,PF,2022-10-13 00:36:45,-17.8333,-149.2667,73.36,84,60,16.96
461,Gusinoye Ozero,RU,2022-10-13 00:40:11,51.1144,106.2614,38.86,59,21,3.8
462,Muroto,JP,2022-10-13 00:40:11,33.2833,134.15,71.71,68,51,19.86
463,Kihei,US,2022-10-13 00:40:12,20.785,-156.4656,89.62,73,40,8.05
464,Rio Cuarto,AR,2022-10-13 00:40:12,-33.1307,-64.3499,73.17,18,0,12.66
465,Katav-Ivanovsk,RU,2022-10-13 00:40:14,54.7531,58.1956,46.31,56,100,4.38
466,Maarianhamina,AX,2022-10-13 00:41:15,60.0973,19.9348,48.06,87,20,4.61
467,Port Shepstone,ZA,2022-10-13 00:41:16,-30.7414,30.455,69.64,86,8,11.59
468,Carutapera,BR,2022-10-13 00:41:16,-1.195,-46.02,79.07,82,95,7.81
469,Albemarle,US,2022-10-13 00:41:16,35.3501,-80.2001,67.6,88,100,5.99
470,Oriximina,BR,2022-10-13 00:41:17,-1.7656,-55.8661,83.55,56,55,0.81
471,Rovaniemi,FI,2022-10-13 00:41:17,66.5,25.7167,33.21,93,0,6.91
472,Gunjur,GM,2022-10-13 00:41:18,13.2019,-16.7339,80.67,89,40,4.61
473,Plymouth,US,2022-10-13 00:38:28,41.8334,-70.8328,60.66,85,0,5.75
474,Kaya,BF,2022-10-13 00:41:18,13.0917,-1.0844,83.48,39,5,4.47
475,Burdur,TR,2022-10-13 00:41:19,37.7203,30.2908,54.3,71,0,9.22
476,Komsomolets,KZ,2022-10-13 00:41:19,53.7453,62.0708,49.1,44,100,7.25
477,Estelle,US,2022-10-13 00:41:19,29.8458,-90.1067,78.8,74,75,8.05
478,Gobabis,NA,2022-10-13 00:41:20,-22.45,18.9667,66.88,19,77,9.48
479,Saint Anthony,US,2022-10-13 00:41:20,45.0205,-93.218,46.33,78,100,14.97
480,Humaita,BR,2022-10-13 00:41:20,-7.5061,-63.0208,77.59,74,69,2.42
481,Weihe,CN,2022-10-13 00:41:21,32.9952,105.3247,49.37,94,100,1.92
482,Manica,FR,2022-10-13 00:41:21,49.0,-1.1667,52.59,91,100,5.95
483,Itupiranga,BR,2022-10-13 00:41:21,-5.1347,-49.3267,86.32,52,90,1.36
484,Kokopo,PG,2022-10-13 00:41:22,-4.352,152.2633,85.37,63,100,6.33
485,Abalak,RU,2022-10-13 00:41:22,58.1286,68.5944,35.56,94,20,5.75
486,Nuremberg,DE,2022-10-13 00:38:31,49.4478,11.0683,48.18,90,61,3.44
487,Port Blair,IN,2022-10-13 00:41:23,11.6667,92.75,75.24,100,40,0.0
488,Culaman,PH,2022-10-13 00:41:23,5.9603,125.6586,85.89,66,34,4.25
489,Nouadhibou,MR,2022-10-13 00:41:23,20.931,-17.0347,73.38,73,0,24.16
490,Dire Dawa,ET,2022-10-13 00:41:24,9.5931,41.8661,69.89,59,0,6.29
491,Okha,RU,2022-10-13 00:41:24,53.5739,142.9478,45.34,68,16,12.73
492,Sinnamary,GF,2022-10-13 00:41:24,5.3833,-52.95,78.48,87,92,7.18
493,Kvarkeno,RU,2022-10-13 00:41:25,52.0833,59.725,48.33,47,100,7.7
494,Yicheng,CN,2022-10-13 00:41:25,31.3705,119.8703,63.91,66,11,12.28
495,Gornozavodsk,RU,2022-10-13 00:41:26,58.3758,58.3211,41.2,88,100,3.83
496,Trelew,AR,2022-10-13 00:40:03,-43.249,-65.3051,48.58,33,8,11.39
497,Yuli,NG,2022-10-13 00:41:27,9.6989,10.2744,75.67,82,56,0.34
498,Mapiripan,CO,2022-10-13 00:41:28,2.8892,-72.1256,76.66,77,57,2.68
499,Fort Nelson,CA,2022-10-13 00:41:28,58.8053,-122.7002,47.79,53,75,3.44
500,Kashi,CN,2022-10-13 00:41:29,39.4547,75.9797,52.81,37,1,8.95
501,Cherskiy,RU,2022-10-13 00:41:29,68.75,161.3,14.11,83,100,5.84
502,Slave Lake,CA,2022-10-13 00:41:29,55.2834,-114.769,51.78,46,0,11.5
503,Tagusao,PH,2022-10-13 00:41:30,9.1924,117.8141,84.24,73,100,8.61
504,Rieti,IT,2022-10-13 00:41:30,42.4072,12.8592,61.43,87,100,3.44
505,Norton,ZW,2022-10-13 00:40:52,-17.8833,30.7,62.28,44,0,7.54
506,Mandan,US,2022-10-13 00:41:31,46.8267,-100.8896,51.78,41,75,28.77
507,Bay Roberts,CA,2022-10-13 00:41:31,47.5999,-53.2648,49.24,79,33,7.25
508,Kasongo-Lunda,CD,2022-10-13 00:41:32,-6.4667,16.8167,70.18,98,100,1.86
509,Lufilufi,WS,2022-10-13 00:41:32,-13.8745,-171.5986,91.18,75,75,10.89
510,Kushiro,JP,2022-10-13 00:41:33,42.975,144.3747,56.35,71,75,3.44
511,Ayr,GB,2022-10-13 00:41:33,55.4627,-4.6339,44.31,93,40,6.91
512,Saint-Augustin,CA,2022-10-13 00:42:33,51.226,-58.6502,45.34,88,100,7.36
513,Krasnyy Yar,RU,2022-10-13 00:42:34,46.5331,48.3456,49.96,77,50,12.26
514,Samarai,PG,2022-10-13 00:42:34,-10.6167,150.6667,82.36,75,100,9.08
515,San Vicente,AR,2022-10-13 00:39:11,-26.6167,-54.1333,54.27,96,100,2.06
516,Pangody,RU,2022-10-13 00:42:35,65.85,74.4859,33.46,91,46,6.29
517,Mocuba,MZ,2022-10-13 00:42:35,-16.8392,36.9856,68.72,91,0,2.95
518,Umm Lajj,SA,2022-10-13 00:42:35,25.0213,37.2685,81.93,53,0,9.69
519,Viru,PE,2022-10-13 00:42:36,-8.4167,-78.75,63.45,77,0,2.82
520,Los Llanos De Aridane,ES,2022-10-13 00:42:36,28.6585,-17.9182,67.75,84,40,13.8
521,Nuevo Progreso,MX,2022-10-13 00:42:36,23.1667,-97.95,79.9,73,98,1.01
522,Ossora,RU,2022-10-13 00:42:37,59.2353,163.0719,33.87,90,100,12.35
523,Shache,CN,2022-10-13 00:42:37,38.4167,77.2406,50.43,21,0,3.8
524,Mlonggo,ID,2022-10-13 00:42:38,-6.5333,110.7,82.27,72,56,9.75
525,Marawi,PH,2022-10-13 00:42:38,7.9986,124.2928,79.86,65,100,1.43
526,Moses Lake,US,2022-10-13 00:42:38,47.1301,-119.2781,80.89,29,0,5.75
527,Ohara,JP,2022-10-13 00:42:39,35.25,140.3833,65.68,94,100,16.26
528,Mabaruma,GY,2022-10-13 00:42:39,8.2,-59.7833,75.16,87,98,3.62
529,Buraydah,SA,2022-10-13 00:40:32,26.326,43.975,70.25,17,0,11.21
530,Sao Filipe,CV,2022-10-13 00:42:39,14.8961,-24.4956,79.27,81,100,5.26
531,Karonga,MW,2022-10-13 00:42:40,-9.9333,33.9333,75.11,53,0,8.59
532,Turochak,RU,2022-10-13 00:42:40,52.2576,87.1224,42.64,95,93,2.44
533,Maniitsoq,GL,2022-10-13 00:42:40,65.4167,-52.9,28.08,68,24,10.56
534,Lorengau,PG,2022-10-13 00:42:41,-2.0226,147.2712,84.6,62,4,6.2
535,Hofn,IS,2022-10-13 00:42:41,64.2539,-15.2082,41.67,52,99,5.5
536,Hambantota,LK,2022-10-13 00:42:41,6.1241,81.1185,75.54,100,40,1.14
537,Haines Junction,CA,2022-10-13 00:42:42,60.7522,-137.5108,31.95,93,100,4.61
538,Arman,RU,2022-10-13 00:42:42,59.7,150.1667,30.02,71,82,0.98
539,Nabire,ID,2022-10-13 00:42:42,-3.3667,135.4833,83.55,74,95,3.71
540,Viedma,AR,2022-10-13 00:40:26,-40.8135,-62.9967,49.24,57,100,11.21
541,Machico,PT,2022-10-13 00:42:43,32.7,-16.7667,72.23,78,20,11.5
542,Vila,PT,2022-10-13 00:42:43,42.0304,-8.1588,50.88,90,100,1.83
543,Nhulunbuy,AU,2022-10-13 00:42:43,-12.2333,136.7667,88.41,66,40,10.36
544,Karasburg,NA,2022-10-13 00:42:43,-28.0167,18.75,82.13,18,100,18.95
545,Dwarka,IN,2022-10-13 00:39:23,22.2394,68.9678,82.89,65,8,10.25
546,Kushima,JP,2022-10-13 00:42:44,31.4583,131.2333,74.12,69,68,14.67
547,Wagar,SD,2022-10-13 00:42:44,16.1525,36.2032,83.14,47,30,5.03
548,Molchanovo,RU,2022-10-13 00:42:44,57.5817,83.7692,35.37,92,92,6.91
549,Andra,RU,2022-10-13 00:42:45,62.5147,65.8878,35.28,93,78,6.73
550,Taoudenni,ML,2022-10-13 00:42:45,22.6783,-3.9836,88.61,25,60,11.65
551,Ati,TD,2022-10-13 00:42:45,13.2154,18.3353,84.74,47,0,3.4
552,Vila Franca Do Campo,PT,2022-10-13 00:42:46,37.7167,-25.4333,70.21,83,21,4.09
553,Tigil,RU,2022-10-13 00:42:46,57.8,158.6667,41.77,68,100,2.21
554,Suclayin,PH,2022-10-13 00:42:46,15.7568,121.5503,83.19,72,89,2.26
555,Orahovac,XK,2022-10-13 00:42:47,42.3994,20.6547,57.06,89,100,1.7
556,Marsh Harbour,BS,2022-10-13 00:42:47,26.5412,-77.0636,81.73,76,100,10.65
557,Langsa,ID,2022-10-13 00:42:48,4.4683,97.9683,78.37,83,100,1.5
558,Caravelas,BR,2022-10-13 00:43:48,-17.7125,-39.2481,73.09,77,0,6.31
559,Constantine,DZ,2022-10-13 00:43:48,36.365,6.6147,65.61,94,75,2.3
560,Galveston,US,2022-10-13 00:43:49,29.3669,-94.9669,82.94,87,0,9.22
561,Maragogi,BR,2022-10-13 00:43:49,-9.0122,-35.2225,74.86,85,84,11.23
562,Doka,SD,2022-10-13 00:43:49,13.5167,35.7667,72.46,82,6,5.86
563,Uray,RU,2022-10-13 00:43:50,60.1247,64.7758,36.93,89,25,5.68
564,Buin,CL,2022-10-13 00:43:50,-33.7333,-70.75,67.42,65,5,7.16
565,Paramonga,PE,2022-10-13 00:43:50,-10.6667,-77.8333,61.12,85,7,9.55
566,Kayes,ML,2022-10-13 00:43:51,14.0,-11.0,79.86,68,12,2.89
567,Konin,PL,2022-10-13 00:43:51,52.2234,18.2512,44.92,72,0,6.69
568,Eregli,TR,2022-10-13 00:43:51,37.5133,34.0467,57.13,48,19,3.6
569,Dudinka,RU,2022-10-13 00:43:52,69.4058,86.1778,31.62,84,100,8.21
570,Opuwo,NA,2022-10-13 00:43:52,-18.0607,13.84,67.91,50,7,4.29
571,Tilichiki,RU,2022-10-13 00:43:52,60.4667,166.1,31.77,51,100,12.01
572,Lavrentiya,RU,2022-10-13 00:43:53,65.5833,-171.0,28.42,52,100,3.33
573,Porto Novo,BJ,2022-10-13 00:43:53,6.4965,2.6036,78.62,88,12,3.6
574,Port Hardy,CA,2022-10-13 00:43:53,50.6996,-127.4199,55.58,76,20,0.0
575,Trofors,NO,2022-10-13 00:43:54,65.5333,13.4063,44.47,97,100,7.16
576,Iquique,CL,2022-10-13 00:40:35,-20.2208,-70.1431,59.04,72,49,0.94
577,Mount Pleasant,US,2022-10-13 00:43:54,32.7941,-79.8626,73.99,90,0,5.75
578,Bairnsdale,AU,2022-10-13 00:43:55,-37.8333,147.6167,61.05,91,100,1.99
579,Saquarema,BR,2022-10-13 00:43:55,-22.92,-42.5103,70.25,93,97,1.68
580,Tautira,PF,2022-10-13 00:43:55,-17.7333,-149.15,76.26,83,47,14.9
581,Aktash,RU,2022-10-13 00:43:56,50.3,87.7333,23.27,66,88,3.33
582,Tezu,IN,2022-10-13 00:43:56,27.9167,96.1667,72.43,97,93,1.59
583,Mazara Del Vallo,IT,2022-10-13 00:43:56,37.6641,12.588,71.89,77,49,12.73
584,Chernenko,RU,2022-10-13 00:43:57,44.365,39.3103,44.91,88,77,2.44
585,Kiomboi,TZ,2022-10-13 00:43:57,-4.2667,34.3667,60.96,47,11,5.82
586,Tame,CO,2022-10-13 00:43:58,6.461,-71.73,73.8,86,100,4.07
